{"model_path": "../models/test_currSizeOnly_p25_step1/5000_patients_test_currSizeOnly_p25_step1", "patients_to_evaluate": {"n0": {"0": 0.4256746072629833}, "rS": {"0": 0.027}, "rR": {"0": 0.02079279901058913}, "dS": {"0": 0.00786821675560546}, "dR": {"0": 0.00786821675560546}, "dD": {"0": 1.5}, "k": {"0": 1.0}, "D": {"0": 0}, "theta": {"0": 1}, "DMax": {"0": 1.0}, "S0": {"0": 0.42567035051691066}, "R0": {"0": 4.256746072629835e-06}, "cost": {"0": 0.2298963329411433}, "turnover": {"0": 0.2914154353927948}, "PatientId": {"0": 25}}, "n_replicates": 20, "updating_interval": 1, "results_path": "./results/demo", "results_file_name": "resultsDf_test_currSizeOnly_p25_step1_5000_patients.csv", "verbose": 0, "tqdm_output": "./results/demo/log_currentSizeOnly_p25.txt"}